Titre;Artiste;Album;Duree_min;Lectures;Minutes_totales;Has_Pochette;Rang_lectures;Rang_minutes;Rang_zscore;Rang_jessye;Artwork_URL;Lien_YouTube;Commentaire
Véronique;3 Gars Su'l Sofa;Des Cobras, Des Tarentules;2.982;25;74.542;Non;83;155;116;93;https://i.discogs.com/ptwHgR8r9T7hqTztO7Yx0MNRqUifZk5cU7LHqhnnuio/rs:fit/g:sm/q:90/h:589/w:600/czM6Ly9kaXNjb2dz/LWRhdGFiYXNlLWlt/YWdlcy9SLTM1NTg1/OTMtMTM5NzY5OTE0/OS04MzYxLmpwZWc.jpeg;https://www.youtube.com/watch?v=VZAG_9X0AgY;Jamais réellement décrocher de cette chanson . Elle est ,pour moi, encore a ce jour , la meilleure représentation des premiers jours quand on tombe en amour 
The Witch;Adam & Eve;The In-Kraut Vol. 3 - Hip Shaking Grooves Made In Germany 1967-1974;3.973;36;143.036;Oui;33;32;33;43;https://i.discogs.com/r2I-xu5yI5DNwaLHMarQolM3GyXbNKJPkx0Lg7pfNDY/rs:fit/g:sm/q:40/h:300/w:300/czM6Ly9kaXNjb2dz/LWRhdGFiYXNlLWlt/YWdlcy9SLTE4OTk1/NTMtMTMzODM5MzAz/NC00NDEwLmpwZWc.jpeg;https://www.youtube.com/watch?v=h79DyH4GwgI;L'intro horrifique est malade , la bass est cochone a souhait . Une pépite de l'Allemagne des années 60
Year Of The Cat;Al Stewart;Chris Coco - Lazy Summer 2;6.736;23;154.92;Oui;110;23;61;15;https://i.discogs.com/AyTSQiWyjELHLin-OM07MKMEZ8kH-sgP10VovRIQVC0/rs:fit/g:sm/q:90/h:594/w:600/czM6Ly9kaXNjb2dz/LWRhdGFiYXNlLWlt/YWdlcy9SLTQzNTA2/NjEtMTM2MjUxMzc1/NC04NzI0LmpwZWc.jpeg;https://www.youtube.com/watch?v=Ak_MTXQALa0;Trop s'comme pas assez? Pour les solos ,dans cette chansons ,l'expression ne marche pas . Solo de sax savoureux
Obaa Sima;Ata Kak;Obaa Sima;5.642;50;282.122;Oui;7;4;7;11;https://i.discogs.com/JRNjCqXh6iuUW2eShK8ujhsQ9H97RSuNj7Z4nzv8nY4/rs:fit/g:sm/q:90/h:600/w:598/czM6Ly9kaXNjb2dz/LWRhdGFiYXNlLWlt/YWdlcy9SLTY2MTY0/MjctMTQyOTM4ODk5/Ni05MzY5LmpwZWc.jpeg;https://www.youtube.com/watch?v=cd0PV82e1jE;Je dédis la direction artistique de se site à Obaa Sima . Je dis souvent que c'est un heureux mélange de la house de chicago , du rap de la corne africaine …et des voix de François Perusse
L'amour passe à travers le linge;Avec Pas D'casque;Dans la nature jusqu'au cou;4.061;24;97.451;Non;97;94;103;107;https://i.discogs.com/ujWZkHoKnYcmYmyK9ZuTwwY7d-S1scMD1apI0nrUAoo/rs:fit/g:sm/q:90/h:550/w:600/czM6Ly9kaXNjb2dz/LWRhdGFiYXNlLWlt/YWdlcy9SLTI5NjUy/NjMtMTQ1Mjc0NDc2/Mi0yNzk2LmpwZWc.jpeg;https://www.youtube.com/watch?v=3Ssf-Sq0Ghk;"""Quand la force de l'accident me sortira de mon siege , je penserai a toi , de toute mes raideurs, touuutes mes raideurs"""
Sabotage;Beastie Boys;Ill Communication;2.974;33;98.142;Oui;42;92;51;53;https://i.discogs.com/-udR8HjmAJVQsXlpJ4MQnZ33ADDqTtOFry4infIBNnI/rs:fit/g:sm/q:40/h:300/w:300/czM6Ly9kaXNjb2dz/LWRhdGFiYXNlLWlt/YWdlcy9SLTE3ODY3/NDMtMTM2NjUzMzg4/OS04MzkxLmpwZWc.jpeg;https://www.youtube.com/watch?v=z5rRZdiu1UE;Juste un des meilleurs vidéoclip et est une des chansons que j'utilise pour me motiver
Le Picbois;Beau Dommage;*multiple*;3.468;38;131.754;Oui;26;44;30;33;https://i.discogs.com/gU-c2E7uHiB2kpzTyBR-HFmqqCvGeo9yRmHm79Egs5U/rs:fit/g:sm/q:90/h:600/w:600/czM6Ly9kaXNjb2dz/LWRhdGFiYXNlLWlt/YWdlcy9SLTI0NTQx/MDYtMTUwODg1MzE1/NC0yNzAyLmpwZWc.jpeg;https://www.youtube.com/watch?v=a0tgrlcgINw;Le solo de guit qui s'évade , l'harmonie des voix . Une des plus grandes chansons québecoise
Haboglabotribin';Bernard Wright;Space 103.2;4.295;31;133.157;Oui;47;42;47;59;https://i.discogs.com/4F-hJ8Ogxe7gqZ9fhaR4RR6Gt77nZX1lmUDLNCRe28U/rs:fit/g:sm/q:40/h:300/w:300/czM6Ly9kaXNjb2dz/LWRhdGFiYXNlLWlt/YWdlcy9SLTkxMzM1/My0xNzQ1NzgxMTg2/LTgzMDYuanBlZw.jpeg;https://www.youtube.com/watch?v=fIMHtajyeXM;Avertissement : Si vous n'aimez pas le Slap bass , n'écouter pas cette chanson …pour le reste  un des grands bassistes américains ever
Nights (Feel Like Gettin' Down);Billy Ocean;Nights (Feel Like Gettin' Down);4.729;30;141.884;Non;51;33;48;63;https://i.discogs.com/VSotQcDncSOWk57SlX4dEq9ppntwHf7n5t94CbuksWQ/rs:fit/g:sm/q:90/h:600/w:589/czM6Ly9kaXNjb2dz/LWRhdGFiYXNlLWlt/YWdlcy9SLTEyNDMw/NzItMTQ1ODE2MzIw/OS0zMjk1LmpwZWc.jpeg;https://www.youtube.com/watch?v=7gNjgU_1th0;La station SPACE de GTA V , m'a reconcillier avec Billy Ocean , que je trouvais ennuyant . C'est maintenant un de mes albums préférés
Stay The Night;Billy Ocean;Nights (Feel Like Gettin' Down);3.528;42;148.187;Non;17;27;18;24;https://i.discogs.com/VSotQcDncSOWk57SlX4dEq9ppntwHf7n5t94CbuksWQ/rs:fit/g:sm/q:90/h:600/w:589/czM6Ly9kaXNjb2dz/LWRhdGFiYXNlLWlt/YWdlcy9SLTEyNDMw/NzItMTQ1ODE2MzIw/OS0zMjk1LmpwZWc.jpeg;https://www.youtube.com/watch?v=ikpyUQ3PWPA;Un de mes albums préférés , dommage que Caribbean Queen cache la foret qui se cache derriere
Iron Man;Black Sabbath;*multiple*;5.975;25;149.227;Oui;83;26;58;93;https://i.discogs.com/bZ2bLkRC33U4nhROkY7-q4sJpxgj8g8tkMkBhDOKjk4/rs:fit/g:sm/q:90/h:600/w:600/czM6Ly9kaXNjb2dz/LWRhdGFiYXNlLWlt/YWdlcy9SLTE5NzQy/NTgtMTMwMjQ1NTY5/Mi5qcGVn.jpeg;https://www.youtube.com/watch?v=F01UTYg79KY;Si on me demande , quelle est mon premier souvenir d'une chansons ? Je dirais Iron Man de Black Sabbath . La voix qui se promene au début , le riff classique . Ouais Merci papa pour cette toune!
War Pigs;Black Sabbath;*multiple*;7.961;26;206.851;Oui;75;12;38;10;https://i.discogs.com/bZ2bLkRC33U4nhROkY7-q4sJpxgj8g8tkMkBhDOKjk4/rs:fit/g:sm/q:90/h:600/w:600/czM6Ly9kaXNjb2dz/LWRhdGFiYXNlLWlt/YWdlcy9SLTE5NzQy/NTgtMTMwMjQ1NTY5/Mi5qcGVn.jpeg;https://www.youtube.com/watch?v=bc5Nk1DXyEY;Si Iron Man est mon premier souvenirs d'une chanson , War pig est maintenant ma chanson préférés de Black Sabbath
Like A Rolling Stone;Bob Dylan;Highway 61 Revisited;6.223;19;118.241;Oui;165;58;105;33;https://i.discogs.com/mPeJj0vQYalrN3LAhuGHmVlp1F0tozA6R1Qz1o1D59c/rs:fit/g:sm/q:90/h:598/w:600/czM6Ly9kaXNjb2dz/LWRhdGFiYXNlLWlt/YWdlcy9SLTE2Mjkx/NTY2LTE2MDY2ODAx/ODAtODQ1NS5qcGVn.jpeg;https://www.youtube.com/watch?v=IwOfCgkyEj0;J'ai du Bob Dylan dans mon top ? Wow! Je dois avouer que je ne suis pas le plus grand fan mais cette chansons , cette foutu chansons reste
Rasputin (Maxi Version);Boney M.;Disco - The Long Versions Cd1;7.551;18;135.912;Oui;180;38;82;43;https://i.discogs.com/nnOJQCI8ePANsTxMH1D1hRYylypiV-1LMZeOf7cVir8/rs:fit/g:sm/q:90/h:500/w:500/czM6Ly9kaXNjb2dz/LWRhdGFiYXNlLWlt/YWdlcy9SLTU3NzMy/NC0xMTQ4MjQ2NzM4/LmpwZWc.jpeg;https://www.youtube.com/watch?v=ansULlipQJI;Pas la version qu'on connais . Nenon , la version lonngue , celle avec les drums qu'on dirait sorti d'Iron Butterfly a l'intro . 
Father and Son;Cat Stevens;*multiple*;3.69;27;98.694;Oui;65;91;79;77;https://i.discogs.com/1pNvizb4Nn1G5BcJOkrSEQZjJt-h7G3U7RLg9YSeOM8/rs:fit/g:sm/q:90/h:600/w:600/czM6Ly9kaXNjb2dz/LWRhdGFiYXNlLWlt/YWdlcy9SLTI2ODUw/ODgtMTQxOTEwOTI2/NC01MTUxLmpwZWc.jpeg;https://www.youtube.com/watch?v=P6zaCV4niKk;Mon père chantait cette chansons quand j'étais jeune  (gros defaut de famille vouloir chanter quand on le sait pas) . Pas grand chose a dire  , les relations peres-fils tzé mais tzé han!
Touche pas mon sexe;Comix;BIPPP : French Synth-Wave 1979/85;3.226;33;106.448;Oui;42;76;49;53;https://i.discogs.com/ZYIK3ani2ktVMZcLo2lEGIEgNmBjHWOpyv3Kmy7iNLw/rs:fill/g:sm/q:40/h:300/w:300/czM6Ly9kaXNjb2dz/LWRhdGFiYXNlLWlt/YWdlcy9SLTE2NzI4/NzUtMTMyNjEzMDM3/Mi5qcGVn.jpeg;https://www.youtube.com/watch?v=tZHG1HlP6WE;"Des back vocal qui dit ""on pourrait jouer a touche pipi"" quoi demander de mieux ?"
Computer Man [Extended Version];Computeur Man;Canada;2.641;25;66.03;Non;83;201;124;93;https://i.ytimg.com/vi/jeg_TJvkSjg/maxresdefault.jpg;https://www.youtube.com/watch?v=jeg_TJvkSjg;Juste une pépite d'internet qui vient d'un show pour enfant d'une station a Halifax . Computer Man a des réponse juste pour vous !
j'lache pas;CORBEAU;*multiple*;4.757;21;99.904;Oui;135;88;115;147;https://i.discogs.com/JeCu-VHIrRlidOzBG0jqFW2NMTUPfSj5WdoPsFRUZm0/rs:fit/g:sm/q:90/h:600/w:600/czM6Ly9kaXNjb2dz/LWRhdGFiYXNlLWlt/YWdlcy9SLTQxOTQx/NDQtMTM1ODE3NTMx/Ny03ODcwLmpwZWc.jpeg;https://www.youtube.com/watch?v=0aJhz7LMIRY;Marjo survolté dans un show des années 80 serait mon animal totem , si ce n'étais pas de Luc Picard en chaise roulante dans le clip un beau grand slow de Ti-cuir
I Heard It Through The Grapevine;Creedence Clearwater Revival;*multiple*;11.106;19;210.994;Oui;165;11;36;33;https://i.discogs.com/W2f77xmjhQ2-HPK99WM2d3mcqiVFpffRo5BXeJnrslY/rs:fit/g:sm/q:90/h:600/w:600/czM6Ly9kaXNjb2dz/LWRhdGFiYXNlLWlt/YWdlcy9SLTM2MTI2/MDAtMTM4NTkxOTI5/NC03NzM4LmpwZWc.jpeg;https://www.youtube.com/watch?v=ixqofv-Oi74;JE SAIS , au cachot ! Je préfere la version de CCR que de Marvin Gayes . J'dois avoir écouté trop de radio de région faut craire!
Evil Woman;Electric Light Orchestra;*multiple*;4.497;29;128.085;Oui;54;51;55;66;https://i.discogs.com/2rGK9ebvaSRyJIG37Y7mFYnfcQzzQWdswjT_vPX-TzE/rs:fit/g:sm/q:40/h:300/w:300/czM6Ly9kaXNjb2dz/LWRhdGFiYXNlLWlt/YWdlcy9SLTM5NTg4/MTEtMTM2ODg2OTI5/My01MDQyLmpwZWc.jpeg;https://www.youtube.com/watch?v=nxz1DuVaRr8;J'Ai enfin vu Jeff Lynes en spectacle , l'année dernière . Moment emouvant 
Ayayaya;Epsilon;Cosmic Discotheque Vol.3;3.041;25;76.014;Oui;83;145;113;93;https://i.discogs.com/UgZVurHY-Sg_ZHrM4OLMbDD1GPHAkaTK5T7DFVUG3-Y/rs:fit/g:sm/q:90/h:600/w:593/czM6Ly9kaXNjb2dz/LWRhdGFiYXNlLWlt/YWdlcy9SLTExMDIx/NDctMTYxOTUzODky/OS03NjE1LmpwZWc.jpeg;https://www.youtube.com/watch?v=RNgkhCC8MQc;"Connaissez-vous la série Cosmic Discotheque ? Serie de six tome dédié a la musique disco psychédelique /electro ""spatial . On peut entendre des groupes des tentives pop de groupes hard rock germaniques (comme ici avec Epsilon) que Kebektronic"
Les Boys;Eric Lapointe;Québec rock 1990-1999;3.473;29;100.703;Non;54;84;68;66;https://encrypted-tbn0.gstatic.com/images?q=tbn:ANd9GcTFSlkiW7mAN9qbpZbAPMQHUBa1fLXdQjANSg&s;https://www.youtube.com/watch?v=esFq2oLyYio;Déjà que je suis surpris de pas voir le Boy Blues Band …laisser moi un plaisir …coupable… 
Exuma, The Obeah Man;Exuma;Exuma;6.341;34;215.587;Oui;38;9;24;5;https://i.discogs.com/vkAWnjiUFtO_olQPTfpuFCV-PoUkkAaQM4jKoStUR-o/rs:fit/g:sm/q:90/h:600/w:600/czM6Ly9kaXNjb2dz/LWRhdGFiYXNlLWlt/YWdlcy9SLTE0NjYx/MjYtMTQwMzUyODA5/My01Nzg5LmpwZWc.jpeg;https://www.youtube.com/watch?v=CJKPucU4Y_c;En fouillant dans les interweb , je suis tombé sur Exuma . Chanteur Folk? Des Bahamas . Rien de folk , c'est du Dr.John puissance 1000 , c'est un univers complet dans lequel on entre apeuré mais curieux . Joie aussi quand 2 mois après de voir apparaitre dans Nope de Jordan Peele 
Rock me Amadeus;Falco;Greatest Hits;3.345;26;86.98;Oui;75;116;97;85;https://i.discogs.com/lCI-XT76t01UWpUuNxrVVoWw3R8nV-BoXJ9d9XF71Bk/rs:fit/g:sm/q:90/h:600/w:600/czM6Ly9kaXNjb2dz/LWRhdGFiYXNlLWlt/YWdlcy9SLTE5MDUw/Ny0xNjc3NTE4NTY5/LTgzOTcuanBlZw.jpeg;https://www.youtube.com/watch?v=cVikZ8Oe_XA;Docteur Zeus , Docteur Zeus dirait les Simpsons . 
Praise You;Fatboy Slim;You've Come A Long Way, Baby;5.389;44;237.118;Oui;14;6;9;20;https://i.discogs.com/Nj8Yz_LInge9O7QeC-_C9spnuACZeQwMiZ6LGmz-e9M/rs:fit/g:sm/q:90/h:600/w:598/czM6Ly9kaXNjb2dz/LWRhdGFiYXNlLWlt/YWdlcy9SLTUyNDM1/MS0xMTU5NjMwNTQ5/LmpwZWc.jpeg;https://www.youtube.com/watch?v=ruAi4VBoBSM;Sortis de Pandémie , mes amis m'invitent a ma fete au Motel Coconut à Trois-Rivières . L'idée de génie m'est venu de faire un DJ set dédié a cette toune . C'est encore aujourd'hui un de mes set préférés
Rockafeller Skank;Fatboy Slim;You've Come a Long Way, Baby;3.493;36;125.748;Non;33;53;39;43;https://i.discogs.com/6VzXeGtnnrQzzHs_aDKi8bhW0KlSyLzJ6cQ9xaPt1ac/rs:fit/g:sm/q:90/h:500/w:500/czM6Ly9kaXNjb2dz/LWRhdGFiYXNlLWlt/YWdlcy9SLTIxNzEw/LTEzNjYxMjAxNDIt/NjM5OC5qcGVn.jpeg;https://www.youtube.com/watch?v=FMrIy9zm7QY;Le hit absolu des gens qui se trouve cool , qui porte des chemise funky pas attaché , des grosses lunettes de soleil  dans une décapotable dans le désert . 
Mr. Follow, Follow;Fela Kuti;Zombie;12.963;8;103.706;Oui;604;80;;107;https://i.discogs.com/zYl23inhLuo1enH8xRyaO-_y9-9cqnmD0HprWHohAWY/rs:fit/g:sm/q:90/h:600/w:600/czM6Ly9kaXNjb2dz/LWRhdGFiYXNlLWlt/YWdlcy9SLTk1OTE4/My0xMjg1OTU4ODU2/LmpwZWc.jpeg;https://www.youtube.com/watch?v=0nklCXMEj8k;Cette chansons est dans le top juste parce qu'elle suit Zombie ….
Zombie;Fela Kuti;Zombie;12.44;15;186.606;Oui;232;15;41;18;https://i.discogs.com/zYl23inhLuo1enH8xRyaO-_y9-9cqnmD0HprWHohAWY/rs:fit/g:sm/q:90/h:600/w:600/czM6Ly9kaXNjb2dz/LWRhdGFiYXNlLWlt/YWdlcy9SLTk1OTE4/My0xMjg1OTU4ODU2/LmpwZWc.jpeg;https://www.youtube.com/watch?v=Qj5x6pbJMyU;Cette chansons est excellentes mais de la que l'armée nigérienne sacre la mere de Fela Kuti par la fenetre a cause de ça , y'a des limites
The Chain;Fleetwood Mac;*multiple*;4.515;29;129.45;Oui;54;48;54;66;https://i.discogs.com/y5ZLcK8f6O7xGJXtAhhjgttygHnnn3nybnj1Jmqwb1s/rs:fit/g:sm/q:90/h:579/w:600/czM6Ly9kaXNjb2dz/LWRhdGFiYXNlLWlt/YWdlcy9SLTE4OTQx/OTItMTQ5MjQyMTg3/Ni05NTExLmpwZWc.jpeg;https://www.youtube.com/watch?v=xwTPvcPYaOo;C'est The Chain de Fleetwoot Mac que dire de plus ?
Souvenir retrouvés;Francine Raymond;Dix ans de succès;3.909;27;105.549;Non;65;79;76;77;https://i.discogs.com/8Ux4qMrtuDHkTnHjdN_mXGDNZ_Mu0uohZuN4mnP5coI/rs:fit/g:sm/q:40/h:300/w:300/czM6Ly9kaXNjb2dz/LWRhdGFiYXNlLWlt/YWdlcy9SLTczNDY0/NjItMTUxMzQ0NTg3/Ny00MDY5LmpwZWc.jpeg;https://www.youtube.com/watch?v=K4_va3phIOc;En 69 j'avais 13 ans . Que ce soit pour faire rire un ancien collègue à la radio , parce que on voulait un club des gens qui aime Francine Raymond , ou parce que pendant la pandemie s'était un de mes sobriquets sur Twitch ….Merci Francine
Tous Les Bateaux Font Des Vagues;Francine Raymond;*multiple*;4.16;29;120.613;Non;54;56;59;66;https://i.discogs.com/XqeXfNr_YSYVBzm6jqG-el8qWcD7lCgwoyUXLqsJ3eU/rs:fit/g:sm/q:90/h:600/w:600/czM6Ly9kaXNjb2dz/LWRhdGFiYXNlLWlt/YWdlcy9SLTc4MjM3/NDYtMTUxOTY3OTAy/NC04MDM3LmpwZWc.jpeg;https://www.youtube.com/watch?v=qwL3z9jIa50;J'ai modifié plusieur fois le titre de cette chansons . Ma modification préférés Tous les kiwis ont des poils .  Cette chansons est un ovnis , ce veut mélodramatique mais ton refrain est TOUT LES BATEAUX FONT DES VAGUES! Cibole
Snack-Bar Chez Raymond;François Pérusse;L'Album Du Peuple - Tome 5;2.657;27;71.73;Oui;65;169;107;77;https://i.discogs.com/heUNuGneIpOsDf1TA7kJvdB6GBcyvpvnGMJyqcDtw4s/rs:fit/g:sm/q:40/h:300/w:300/czM6Ly9kaXNjb2dz/LWRhdGFiYXNlLWlt/YWdlcy9SLTU3NDU2/MDItMTYzODEwMjg1/Mi03MDkwLmpwZWc.jpeg;https://www.youtube.com/watch?v=1c-x-T9a6aM;Sérieusement , en vieillissant je trouve que les arrangement de cette tounes sont sublimes . Bon ok s't'un toune funné , mais ecoute moi , y'a d'autre trucs a fouillé dans cette chansons 
Pawnsheüp;Gatineau;Gatineau;3.63;26;94.361;Non;75;101;91;85;https://i.discogs.com/T0b3bqOBoc3F69QfIHIwSPO8y9I5qmsm4s01NpCkQKY/rs:fit/g:sm/q:90/h:600/w:591/czM6Ly9kaXNjb2dz/LWRhdGFiYXNlLWlt/YWdlcy9SLTE5NDI4/OTQtMTI1Mzk5Nzcz/MC5qcGVn.jpeg;https://www.youtube.com/watch?v=l8ZlqHesffU;Cette chansons va dans tout les sens mais un moment données apres le deuxieme couplet , tous se rejoints dans un refrain melodieux accrocheurs 
Une autre chambre d'hôtel;Gildor Roy;Une autre chambre d'hôtel;3.329;24;79.878;Oui;97;136;119;107;https://i.discogs.com/vX6pV4SMq_L8YKCXJBKtfe2o-nP1pQ4TeOMi-RP3PIM/rs:fit/g:sm/q:90/h:596/w:600/czM6Ly9kaXNjb2dz/LWRhdGFiYXNlLWlt/YWdlcy9SLTk3NzY4/MTktMTQ4NjE4MDI5/NC03NzgxLmpwZWc.jpeg;https://www.youtube.com/watch?v=oVgxVIok2-s;Gildor Roy a des grosses mains rien d'autre a dire
SANTA BARBARA;GILLES SINCLAIR;Santa Barbara;3.819;44;168.021;Non;14;20;15;20;https://i.discogs.com/UBpoM3Xtn3e-UfOzgrsGqf5HMF46PeuzWS_-CL3qfBI/rs:fit/g:sm/q:90/h:600/w:598/czM6Ly9kaXNjb2dz/LWRhdGFiYXNlLWlt/YWdlcy9SLTU0MDAz/Ni0xNDM4NTgwNjUw/LTY5MzEuanBlZw.jpeg;https://www.youtube.com/watch?v=9L0pKMdGWHs;Je n'ai jamais écouté l'émissions. Je connais qu'a cause de Gab Paquet …mais crime que j'aime ce générique
Je suis cool (asteur);Gilles Valiquette;*multiple*;2.628;44;114.101;Oui;14;61;19;20;https://i.discogs.com/DBhkMUuuscU558qwM7LPRpza6y5yw-qEwKQQyrW69CE/rs:fit/g:sm/q:90/h:600/w:600/czM6Ly9kaXNjb2dz/LWRhdGFiYXNlLWlt/YWdlcy9SLTQxNzYx/NjItMTM1Nzc1MTM3/OC01Nzk5LmpwZWc.jpeg;https://www.youtube.com/watch?v=T11f4nO7iaY;Des grandes barniques qui nous dit qu'il est cool? J'achete! 
Paradise City;Guns N' Roses;Appetite For Destruction;6.773;19;128.666;Oui;165;49;90;33;https://i.discogs.com/jmsJ20bTrZUVCaLA8VEM_RHLXsJzUJ1GgBpOTdFOxgQ/rs:fit/g:sm/q:40/h:300/w:300/czM6Ly9kaXNjb2dz/LWRhdGFiYXNlLWlt/YWdlcy9SLTY4NDE3/MjUtMTQ1MTMyMTc0/OC0yMzc0LmpwZWc.jpeg;https://www.youtube.com/watch?v=Rbm6GXllBiw;Je suis supersticieux , quand j'ai besoin d'un peu de chance . J'écoute Paradise city et tout va ben aller
Sweet Child O' Mine;Guns N' Roses;*multiple*;5.941;16;95.044;Oui;207;100;141;226;https://i.discogs.com/AYYmSqRtuuG4jge-wHlhR7sEU1HeWoCfZAh7dirvio0/rs:fit/g:sm/q:90/h:600/w:599/czM6Ly9kaXNjb2dz/LWRhdGFiYXNlLWlt/YWdlcy9SLTE0OTcw/MjAtMTQ1NTA4MDI4/OC00MDkzLmpwZWc.jpeg;https://www.youtube.com/watch?v=1w7OgIMMRc4;Je me connaissais pas en tant que fan de Gun's & Rose's mais me voila avec deux chansons d'eux dans mon top .Encore une fois , je blame les radios de régions
highlife;gyedu blay ambolley;africa airways five (brace brace boogie 1976 - 1982);4.993;22;109.843;Oui;125;70;102;136;https://i.discogs.com/IJfTMM45tL7njB0sC-KySap6SOUPo4ZzHczwZ_LVB7Q/rs:fit/g:sm/q:90/h:600/w:600/czM6Ly9kaXNjb2dz/LWRhdGFiYXNlLWlt/YWdlcy9SLTc5OTg0/NzAtMTQ1MzE5OTM5/OS02ODkxLmpwZWc.jpeg;https://www.youtube.com/watch?v=IjwXUu3CRXU;Il va y avoir beaucoup de chanson de la compilation Africa Airways . Une des meilleures séries de musique  découverte dans les 5 dernières années .
Get Out of My Car;Hasil Adkins;Grand Theft Auto V [Unofficial Soundtrack] Rebel Radio;3.558;46;163.668;Oui;11;22;13;15;https://i.discogs.com/YZ9CLBaGqA6GxJFT1YyZ0Q-VHEPqSNqX4OoZ-OLikwk/rs:fit/g:sm/q:90/h:600/w:600/czM6Ly9kaXNjb2dz/LWRhdGFiYXNlLWlt/YWdlcy9SLTU1OTE3/MTItMTQzMTk5MTE4/MS01MzY0LmpwZWc.jpeg;https://www.youtube.com/watch?v=N6yaTqR4ZLc;REGARDER LA POCHETTE COMMENT NE PAS L'AIMER!! Cet chanson est le plus proche que je peux être , d'être sur la ketamines , voler le char de ma soeur et partir sua dérape
Swinging London;Hazy Osterwald Jet Set;The In-Kraut Vol. 2 - Hip Shaking Grooves Made in Germany 1967-1974;3.256;26;84.66;Oui;75;121;99;85;https://encrypted-tbn0.gstatic.com/images?q=tbn:ANd9GcTPUL98b2KG2TuliURCdTAVT6R9kb3LDtT6hA&s;https://www.youtube.com/watch?v=_aDblNoMHiU;Chanson de la compilation In-Kraut , qui focus sur la musique groovy yéyé allemand pré kraut allemand . Deuxieme meilleur Ding Dong après celui de Pierre Harel
Crazy On You;Heart;*multiple*;4.881;22;107.363;Oui;125;75;106;136;https://i.discogs.com/mhnt4Dvppv44p4nn_17haqbxas3o0yYhb5GGqTP5dNw/rs:fit/g:sm/q:40/h:300/w:300/czM6Ly9kaXNjb2dz/LWRhdGFiYXNlLWlt/YWdlcy9SLTE4MTkw/NjctMTMzMDIyNTkx/MS5qcGVn.jpeg;https://www.youtube.com/watch?v=EZ7inhwScSQ;Ahhh l'album Dreamboat Annie , gros album , j'aimerais dire que l'album a influencé et c'est pourquoi , la chanson se retrouve ici  et non dire la vérité ,que j'ai découvert cette chansons en écoutant Harold et Kumar chasse le burger …
Holiday Time;Hildegard Knef;The In-Kraut Vol. 2 - Hip Shaking Grooves Made in Germany 1967-1974;4.591;24;110.174;Oui;97;69;89;107;https://i.discogs.com/IGAq1L0XKiMxuAsGVU0TDFcx1aGtdhz8pVp0Ga3InGU/rs:fit/g:sm/q:90/h:480/w:480/czM6Ly9kaXNjb2dz/LWRhdGFiYXNlLWlt/YWdlcy9SLTE1MDg3/MTktMTIyNDk0MzY2/OC5qcGVn.jpeg;https://www.youtube.com/watch?v=k4FZZDLlNQI;Autre chanson de la compilation In-Kraut , cette foi-ci c'est une chanson d'une actrise allemande que je ne connais pas la carriere pour être bien franc . Son wikipedia dit que c'est la seul actrise d'allemagne a avoir eu un role principale a Broadway. Go girl!
The Passenger;Iggy Pop;Lust For Life;4.736;29;137.315;Oui;54;36;52;66;https://i.discogs.com/eecT4MGO7Ztw0AQjTGHKWjPbdZG4HYn3ptWEaLt_khE/rs:fit/g:sm/q:90/h:600/w:594/czM6Ly9kaXNjb2dz/LWRhdGFiYXNlLWlt/YWdlcy9SLTM1Mjk2/MjItMTQ1NDM2MzAx/My02MzI3LmpwZWc.jpeg;https://www.youtube.com/watch?v=-fWw7FE9tTo;Je ne ferai aucune allusion que le riff ressemble a femme libérée , ce n'est pas si facile ….fuck
Search And Destroy;Iggy Pop & The Stooges;Raw Power;3.504;24;84.09;Non;97;123;112;107;https://i.discogs.com/HoErRih5jwWlRBtt7WqvfHD1NnDTPi-KKx0ZcDeA3uk/rs:fit/g:sm/q:90/h:591/w:598/czM6Ly9kaXNjb2dz/LWRhdGFiYXNlLWlt/YWdlcy9SLTU5MDgz/NS0xMjQ3NzczOTQ2/LmpwZWc.jpeg;https://www.youtube.com/watch?v=LC9km8qnbOY;Iggy a dit en interview , que pour faire cette album , ils s'est abstenu de sexe , d'alcool et de drogue . Le resultat est un album violent et surdosé
In-A-Gadda-Da-Vida;Iron Butterfly;In-A-Gadda-Da-Vida;17.042;8;136.338;Non;604;37;;57;https://i.discogs.com/mSIiNZJiic--p8tOnfiBdW3aVTh0U0lUfcOMwCOFeXI/rs:fit/g:sm/q:90/h:582/w:600/czM6Ly9kaXNjb2dz/LWRhdGFiYXNlLWlt/YWdlcy9SLTIxOTM0/NjgtMTMzMjg2NjYx/Mi5qcGVn.jpeg;https://www.youtube.com/watch?v=Tfpn3wHoNGA;"Je suis adolescent , je suis dans le sous-sol de ou j'ai grandis. Mon père, en haut mets un album. Je trouve le riff de guit , charmant . J'attend après du drum .Le connard que j'étais a surement dit que s'était du prog …7 minutes plus tard le riff revient . Je demande a mon père :"" C'est la même toune"" . Il me repond oui. Depuis la nuit , quelques fois j'écoute cette chansons . Je m'imagine voyagé dans le temps (pendant le solo de drum , fouille-moi mais j'imagine l'ère jurassic) sur cette album"
Super Man - Super Cool (LP Version);Jacky Chalard;*multiple*;4.823;23;110.919;Oui;110;68;93;122;https://i.discogs.com/LFDezJGcmRS3L-6jtZsZqIm1UAvAzxOmpOBn_TRv-JE/rs:fit/g:sm/q:40/h:300/w:300/czM6Ly9kaXNjb2dz/LWRhdGFiYXNlLWlt/YWdlcy9SLTUxNjUy/MTgtMTYyMDkyNTYw/Mi0zNzUxLmpwZWc.jpeg;https://www.youtube.com/watch?v=CkWRy9lLSZE;Si la personne qui m'a faite découvert cette lis ceci! ALLO , comment ça va ! Merci pour cette toune .  De retour a la chanson , j'imagine souvent un plan séquence sur cette chanson , sur quelqu'un qui descent un escalator ou un long couloir sur cette chanson . 
Hanky Panky;James, Tommy & the Shondells;Essentials, The;2.891;26;75.163;Oui;75;149;111;85;https://i.discogs.com/fxQDNCaFKxPD29OUF23BtzZ2hI4sRuj3SmB2gq8kp9I/rs:fit/g:sm/q:40/h:300/w:300/czM6Ly9kaXNjb2dz/LWRhdGFiYXNlLWlt/YWdlcy9SLTc4ODQz/MTctMTQ1MDg4NDQ0/NC0xNDkwLmpwZWc.jpeg;https://www.youtube.com/watch?v=UEHYU682kJ4;Bizarre la version originale est la mais la version québecoise qui dit que mon beubé danse le hanky panky est pas dans le top dommage
Recherché;Jano Bergeron;QUEBECTRONIQUE 80;4.058;24;97.384;Non;97;95;104;107;https://i.discogs.com/ld4N6FfTU5QEMk_Y1JPXb7hYM2feY74ZYL-TYr9QtK4/rs:fit/g:sm/q:90/h:583/w:600/czM6Ly9kaXNjb2dz/LWRhdGFiYXNlLWlt/YWdlcy9SLTM3ODAy/MzEtMTQ5Nzk1NzE0/MC01ODI1LmpwZWc.jpeg;https://www.youtube.com/watch?v=fCX1QIVc_9k;Perle des années 80 , qui n'est pas sur Spotify . Jano consulte des voyants pour retrouvé son chum , pauvre elle
Au fond des choses le soleil emmène au soleil;Jean-Pierre Ferland;Québec Love - Libres et fous (vol. 03);3.657;30;109.714;Oui;51;72;60;63;https://i.discogs.com/9Ku0CW_JpRH2_WhAHfYoNGfTSbKLre_aYhFpdBNBGGc/rs:fit/g:sm/q:90/h:554/w:567/czM6Ly9kaXNjb2dz/LWRhdGFiYXNlLWlt/YWdlcy9SLTE4ODI5/MDUtMTI1NDc1ODU1/My5qcGVn.jpeg;https://www.youtube.com/watch?v=YJmoR1koGU0;Si j'avais eu a écrire une chanson , ce serait probablement celle-ci  Mais comme vous pouvez lire depuis le début . L'écriture n'est pas mon fort
Cheval de Troie;Jean-Yves Lievaux;Psyché France, Vol. 6 (1960 - 70);3.069;35;107.413;Non;37;74;45;48;https://i.discogs.com/BlXoSudSzka-zB44B6zPKFaITopiogYZRj3hF1KFr7Q/rs:fit/g:sm/q:90/h:600/w:597/czM6Ly9kaXNjb2dz/LWRhdGFiYXNlLWlt/YWdlcy9SLTE1MjY3/ODQzLTE3NTg0NDU0/ODgtMzQ2MC5qcGVn.jpeg;https://www.youtube.com/watch?v=pfAcSJfzXJY;"""JE SUIS LE MAGICIEN DU CIEL"""
too young;jide obe;africa airways five (brace brace boogie 1976 - 1982);5.21;76;395.969;Oui;1;1;1;2;https://i.discogs.com/4P4qgFLxXyTBrMQAs1bKheIVw7-KIxpgTDCiL4h-FhY/rs:fit/g:sm/q:40/h:300/w:300/czM6Ly9kaXNjb2dz/LWRhdGFiYXNlLWlt/YWdlcy9SLTE2ODM2/ODUtMTM2MTcxNzkx/MS01OTA0LmpwZWc.jpeg;https://www.youtube.com/watch?v=xqjOZhgJsQ8;Il n'existe que peu d'info sur Jide Obe , outre qu'il est née en Angleterre , a passé sa jeunesse au Nigéria et sorti 3 albums . Too young est un excellent morceau boogey higlife qui te fait danser a la moindre écoute
Sexy Boy;Jimmy Hart;WWE Raw's Greatest Hits;3.367;41;138.036;Oui;19;35;21;26;https://i.discogs.com/-6XSogi2iYD4CN_Ztzb-lXBvuFDjU3iNP2AQVKT5rdc/rs:fit/g:sm/q:40/h:300/w:300/czM6Ly9kaXNjb2dz/LWRhdGFiYXNlLWlt/YWdlcy9SLTU4MzQ1/NzktMTQwNDAwMzAx/Mi01NDI3LmpwZWc.jpeg;https://www.youtube.com/watch?v=eVQkkZvV1PQ;Oui oui l'intro du Heartbreak Kid Shawn Michael est dans mon top . Je compare a sa collegue de nom Sexy boy de Air  mais sans résultat concluant .
chibidaba, chibidaba;jk mandengue;africa airways five (brace brace boogie 1976 - 1982);2.918;58;169.236;Oui;5;19;6;7;https://i.discogs.com/R4G01yMMhwsdjFeHNC6Xhv6k5a8VCLVn2pEw1-ULEUY/rs:fit/g:sm/q:90/h:300/w:300/czM6Ly9kaXNjb2dz/LWRhdGFiYXNlLWlt/YWdlcy9SLTEwNzEx/OTktMTMwMzc0MTU5/MS5qcGVn.jpeg;https://www.youtube.com/watch?v=KBlF_rgJF94;Jean Dikoto Mandengue était un des meilleurs bassistes de France (il a meme  joué pour Cloclo :O )
J'aurais voulu te dire;Johanne Blouin;Johanne Blouin;4.065;26;105.692;Oui;75;78;81;85;https://i.discogs.com/CqoBNmuk6uEGmUIIJADTrmkOZMXY7zGoBuR9vi0wzfY/rs:fit/g:sm/q:90/h:596/w:600/czM6Ly9kaXNjb2dz/LWRhdGFiYXNlLWlt/YWdlcy9SLTMwNjI0/ODEtMTQ0OTU5NzMy/Ny00Nzg1LmpwZWc.jpeg;https://www.youtube.com/watch?v=6fAwnMhWhD0;"""Des murmures interdit au milieu de l'asie"""
The General Lee;Johnny Cash;Grand Theft Auto V [Unofficial Soundtrack] Rebel Radio;2.679;33;88.414;Oui;42;112;56;53;https://i.discogs.com/eBeyuhAopetttOb6FyFKIPNo4-kexgwb6EP7wWIZ6Jk/rs:fit/g:sm/q:90/h:600/w:594/czM6Ly9kaXNjb2dz/LWRhdGFiYXNlLWlt/YWdlcy9SLTE4Mzcx/MjQtMTM5NTA2MDI5/NC00NTE5LmpwZWc.jpeg;https://www.youtube.com/watch?v=tMzQ_d1XLcY;La musique country doit confronter les normes établis…pas le devenir. 
Take This Job And Shove It;Johnny Paycheck;Take This Job And Shove It;2.587;37;95.71;Oui;28;98;42;38;https://i.discogs.com/EthqhTQ-Ewbg4-P9POn1BGkhdrsthEWrgu-NkQ5EyXg/rs:fit/g:sm/q:90/h:600/w:600/czM6Ly9kaXNjb2dz/LWRhdGFiYXNlLWlt/YWdlcy9SLTQwMDcy/OTQtMTM4MjQyOTY1/OS05NTg5LmpwZWc.jpeg;https://www.youtube.com/watch?v=gj2iGAifSNI;"You don't like country music, do you?  You think it's corny and twangy and kind of stupid.Well, you could be right, but it's always good to keep an open mind. -Mike Judge"""
Hot N Cold;Katy Perry;One of the Boys;3.672;31;113.83;Oui;47;62;53;59;https://i.discogs.com/-i0wD3-l_fLZpoOWxpJYWXEk5C2tKR_q4xREhoVWCDc/rs:fit/g:sm/q:90/h:600/w:600/czM6Ly9kaXNjb2dz/LWRhdGFiYXNlLWlt/YWdlcy9SLTE1Nzk4/NTctMTYxMTU5MDA5/OC0xMTUzLmpwZWc.jpeg;https://www.youtube.com/watch?v=kTHNpusq654;Tu change d'Avis comme une femme change son linge.
TiK ToK;Ke$ha;Animal;3.329;37;123.184;Oui;28;54;34;38;https://i.discogs.com/nP_VuydFgqXWJ26hVAQzCrjU3o7qPfzsx9YI0GpVNHw/rs:fit/g:sm/q:90/h:467/w:471/czM6Ly9kaXNjb2dz/LWRhdGFiYXNlLWlt/YWdlcy9SLTEzMzc1/MTU2LTE1NTMwMTU5/ODAtMTUyOS5qcGVn.jpeg;https://www.youtube.com/watch?v=iP6XpLQM2Cs;Mouin feelez comme P diddy s'pus L'temps l'fun Kesha  mais ta toune le reste
Bawitdaba;Kid Rock;Devil Without A Cause;4.454;45;200.444;Oui;13;14;11;18;https://i.discogs.com/SnQWQfk4NXW45x1BEsVAB-PlJogcl9qRTKMAsRVMOn8/rs:fit/g:sm/q:90/h:529/w:600/czM6Ly9kaXNjb2dz/LWRhdGFiYXNlLWlt/YWdlcy9SLTMwNjUy/NjctMTUyNTA5Njkz/OC0zMzkyLmpwZWc.jpeg;https://www.youtube.com/watch?v=8fqhmtyuo5o;Aveux , j'aime Kid Rock early 2000 fin 90 . Je suis meme triste que Cowboy ne figure pas dans aucune liste . 
Head On/Pill;King Gizzard & the Lizard Wizard;Float Along - Fill Your Lungs;15.988;11;175.871;Oui;382;17;27;20;https://i.discogs.com/5vbW699UrNoh5N3PKtriYlYUFzmMkJCycI1Jt5drRdA/rs:fit/g:sm/q:90/h:600/w:600/czM6Ly9kaXNjb2dz/LWRhdGFiYXNlLWlt/YWdlcy9SLTEyNzY2/NDQxLTE1NDE1MzI2/MTYtMzUxOS5qcGVn.jpeg;https://www.youtube.com/watch?v=rpfFibsvo-Q;2014 , je suis derriere le comptoir d'un disquaire , je cherche quoi écouté . Sur mon Last.fm , il me conseille un groupe qui s'appelle King Gizzard & The Lizard Wizard . Curieux du nom je l'Écoute . Première toune , Head on /Pill 17 minutes chrono . J'embarque dans la chanson et au premier hurlement de la guitare de Stu Mackenzie , je tombe en amour avec cette chanson
Rattlesnake;King Gizzard & The Lizard Wizard;Flying Microtonal Banana;7.826;17;133.039;Oui;195;43;86;49;https://i.discogs.com/I5qNiNk5299nPmXRl_ATXT8aOwWrnp44AUtZSEl4Grc/rs:fit/g:sm/q:40/h:300/w:300/czM6Ly9kaXNjb2dz/LWRhdGFiYXNlLWlt/YWdlcy9SLTk4MDkx/NzEtMTUwMDcyMzEw/My03ODc2LmpwZWc.jpeg;https://www.youtube.com/watch?v=Q-i1XZc8ZwA;Microtonal Flying banana est loin d'être mon album de KGLW préféré mais Rattlesnake reste dans mes chansons préférés
The Lord of Lightning;King Gizzard & The Lizard Wizard;Murder of the Universe;5.125;25;128.13;Oui;83;50;71;93;https://i.discogs.com/_duUsEAilIqt0MvnZ6WnDCB7kJCbGn_DuiyP_O8BIXE/rs:fit/g:sm/q:90/h:600/w:600/czM6Ly9kaXNjb2dz/LWRhdGFiYXNlLWlt/YWdlcy9SLTEwNDQ1/MDIxLTE2MzEyOTAy/NTgtNjczOC5qcGVn.jpeg;https://www.youtube.com/watch?v=baSWKFCYHY8;"Connaissez-vous ""Murder of the nonagon Fuzz"" . Théorie qui dit qu'il y a un album caché dans plusieurs album de King Gizzard ( Murder of the universe, Nonagon Infinity , I'M in you're mind , Quartets et Paper Maché ) et Lord Of the Lightning est une des pieces principales de ce non-album  caché "
Wakin On A Pretty Day;Kurt Vile;Wakin On A Pretty Daze;9.513;10;95.129;Non;441;99;118;165;https://i.discogs.com/8nTk0p_ws1yHTa2mbZxy8FeI1GppfMG1zwwu_PTsdws/rs:fit/g:sm/q:90/h:600/w:600/czM6Ly9kaXNjb2dz/LWRhdGFiYXNlLWlt/YWdlcy9SLTI4MDYy/MzA2LTE2OTI4NzMw/MzktODM3Mi5qcGVn.jpeg;https://www.youtube.com/watch?v=bd0K76H7sU8;Meilleur album de la décénnie 2010 (si on ne compte pas Neil Ciecerega)
Telephone (Feat. Beyonce);Lady Gaga;The Fame Monster (USA Super Deluxe) CD1;3.678;25;91.951;Oui;83;103;100;93;https://i.discogs.com/1TBTfQd328pnxjc1qq5FjbWF05JSUrAdLdTBeRnbBy0/rs:fit/g:sm/q:90/h:599/w:592/czM6Ly9kaXNjb2dz/LWRhdGFiYXNlLWlt/YWdlcy9SLTIyMjI3/ODMtMTI3MTA5NDg1/Mi5qcGVn.jpeg;https://www.youtube.com/watch?v=EVBsypHzF3U;Oui, j'écoute cette chanson , J'A trouve bonne j'ai l'doua
Bella;Laurence Jalbert;Ses plus grands succès;3.447;29;99.971;Oui;54;87;69;66;https://i.discogs.com/-qALcYt3wJZ4ntoP7xXnWlz7dAXBtmls_-xBVo659y0/rs:fit/g:sm/q:90/h:600/w:600/czM6Ly9kaXNjb2dz/LWRhdGFiYXNlLWlt/YWdlcy9SLTM1NzM5/MDUtMTc1NDI2ODU4/OC0yMzIxLmpwZWc.jpeg;https://www.youtube.com/watch?v=luqjqv31jTY;Il fallait du Laurence Jalbert dans le top . Au depart , il n'en avait pas mais j'ai décidé que le nombre d'écoute de mon mix sur elle comptait comme écoute . Donc maintenant il y a du Laurence dans le top
Corridor;Laurence Jalbert;Ses plus grands succès;3.962;31;122.819;Oui;47;55;50;59;https://i.discogs.com/-qALcYt3wJZ4ntoP7xXnWlz7dAXBtmls_-xBVo659y0/rs:fit/g:sm/q:90/h:600/w:600/czM6Ly9kaXNjb2dz/LWRhdGFiYXNlLWlt/YWdlcy9SLTM1NzM5/MDUtMTc1NDI2ODU4/OC0yMzIxLmpwZWc.jpeg;https://www.youtube.com/watch?v=tUKYvPF-LbM;Déclarer meilleur chanson de Laurence , dans mon top 10 de Laurence . C'est encore ma chanson préféré de elle . 
Eeeh mes amis;Les Biberons Bâtis;Attaboy On Meurt! ;1.934;37;71.572;Non;28;170;46;38;https://i.discogs.com/9pvKGctX19TovgiwaYltCfoR8ny8NZUHjvAOyUy-NIw/rs:fit/g:sm/q:90/h:600/w:600/czM6Ly9kaXNjb2dz/LWRhdGFiYXNlLWlt/YWdlcy9SLTIzOTA3/NzkxLTE2NTgwMTUz/MDgtNDI1NS5qcGVn.jpeg;https://www.youtube.com/watch?v=iWsrIEjnqqM;Oui Satan Bélanger est dans le top . Pour info le segment de Marc Simoneau est celui du 30 novembre 1985 . Les nordiques ont gagn 2-0 contre Boston . Un but de Peter Stastny et de Randy Moller
Fantastique;Les Denis Drolet;Les Denis Drolet;3.594;40;143.777;Non;23;31;26;30;https://i.discogs.com/-_fglryXVQc490v7Br9wj7cXeLVtnSl_Y8e52ThzfLM/rs:fit/g:sm/q:90/h:300/w:300/czM6Ly9kaXNjb2dz/LWRhdGFiYXNlLWlt/YWdlcy9SLTQzMTcx/NjctMTM2MTU3MTE3/OC0yOTUzLnBuZw.jpeg;https://www.youtube.com/watch?v=2fCrLA4cxxs;NON LES DENIS DROLETS , CE N'EST PAS DU N'IMPORTE QUOI . Ils sont fan de l'écriture automatique , du langue automatisme de Gauvreau , des textes de plumes et tous ça se reflète dans leurs oeuvres musicales. L'utilisation des concepts populaire basé sur la culture populaires québecoises afin de détourner leurs codes me fera toujours plaisirs. Malgré que Fantastique , au dire des denis, était une chanson écrite vite pour avoir un single est pour moi la meilleures clé de voute pour entrée dans leurs univers . 
Quossé Qu'on Ferait Pour Se Faire Plaisir;Les Denis Drolet;2D;2.801;24;67.218;Non;97;192;130;107;https://i.discogs.com/PagXPd8RZx1ZKBVcTWnubOnO3SWjl8bKvG_0QyBUdt8/rs:fit/g:sm/q:90/h:300/w:300/czM6Ly9kaXNjb2dz/LWRhdGFiYXNlLWlt/YWdlcy9SLTM1Nzgz/MzUtMTMzNTk5NjQz/MC5qcGVn.jpeg;https://www.youtube.com/watch?v=qLOie-FAomM;Le deuxième albums est moins reposé sur l'écriture automatique mais sur la création d'histoires. Qu'ossé qu'on s'frait déroge un peu . Le détournement d'image de la culture populaire reste là, la création d'image loufoque aussi mais la beauté se revele dans le refrain .Une beauté que lorsque j'Ai voulu créer une playlist pour fille j'ai mis cette chanson pour y dire ma moralité dans la vie.  Créer , détourner ,choquer, faire rire ,déranger , s'amuser  ....Quossé Qu'on Ferait Pour Se Faire Plaisir    
Bébé cadavre;Les Mongols;Lâchés Lousses;3.76;40;150.395;Oui;23;25;22;30;https://i.discogs.com/Tf8lbTD91tXf_TA0YJLBz6Z7tOjHEAhV4HcyNwUngZ0/rs:fit/g:sm/q:40/h:300/w:300/czM6Ly9kaXNjb2dz/LWRhdGFiYXNlLWlt/YWdlcy9SLTEyMzYw/MTkzLTE2MTY5NjY2/ODQtMTI4Ni5qcGVn.jpeg;https://www.youtube.com/watch?v=QWZBDfepI0Y;La ville de Québec punk des début des années 80 jusqu'au Sommet des Amérique est la période que J'Aurais voulu vivre  dans cette ville que j'appelle maintenant ma ville . LA compilation Lachez Lousse présente cette univers Punk qui en arrache 
Hawaiienne;Les Trois Accords;Gros Mammouth Album Turbo;2.49;25;62.237;Non;83;225;126;93;https://i.discogs.com/U4kZL2-Cs8usdMuJja92__xRRytmnPBPj38K7V8rqnk/rs:fit/g:sm/q:40/h:300/w:300/czM6Ly9kaXNjb2dz/LWRhdGFiYXNlLWlt/YWdlcy9SLTExNDE4/ODkzLTE1MTU5ODcy/NzYtMzYxOS5qcGVn.jpeg;https://www.youtube.com/watch?v=mtToc5EmSho;Mai 2004 , le meilleurs étudiants en histoire (parce que si s'était les meilleurs étudiant en français , je n'aurais clairement pas été pris)  ont été chosis pour aider la présentation sur le glissement de terrain de Saint-Jean-Vianney . Je suis à la régie , les gens disent que je pux mettre Musique Plus sur le projecteur . J'ai 16 ans , je n'ai pas le cable a la maison , j'écoute . Premier Clip , une gang de gars dans un chalet qui chante Hawaiienne . J'ai 16 ans , j'ai connu Blink-182 , the offsprings et par apres se fut les Ramones et Sex Pistols , ça rentre directement dans mes cordes. 
Tete De Mort;Les Vautours;Divers;2.236;50;111.803;Non;7;67;12;11;https://f4.bcbits.com/img/a2375649140_5.jpg;https://www.youtube.com/watch?v=GVj_1fBXln0;Dans mes DJ préférés de la ville de Québec , il y a eu Tania L. , Facteur Cheval et O'Brien mais surtout la gang du Jewish Deli . Les Jewish Deli etait tous que j'aspirais être. Une gang de chum qui s'amuse a mixer dans un bar . J'ai tenté souvent de recréer ça . Desfois, j'ai réussis d'autrefois non ...Tête de mort des vautours jouait souvent  et moi-même par après je la mettais , un peu en hommage mais surtout par amour de cette chanson.
Demain matin, Montréal m'attend;Louise Forestier;Québec Love;2.949;72;212.344;Oui;2;10;2;3;https://i.discogs.com/G7R9_BPQMbdPxeCTvwAAx_53VwUWZ8DGy2QVwCANd-E/rs:fit/g:sm/q:40/h:300/w:300/czM6Ly9kaXNjb2dz/LWRhdGFiYXNlLWlt/YWdlcy9SLTc0MTI1/MDgtMTQ0MDk3MTc0/MS02ODYzLmpwZWc.jpeg;https://www.youtube.com/watch?v=Ww2u4KJoNlg;
Free Bird;Lynyrd Skynyrd;*multiple*;9.117;13;118.523;Oui;307;57;96;85;https://i.discogs.com/DkBqm6mj1wUeVwScVsAbNmNpQOCwQw20M15OIRSdsP8/rs:fit/g:sm/q:40/h:300/w:300/czM6Ly9kaXNjb2dz/LWRhdGFiYXNlLWlt/YWdlcy9SLTI2MTI2/MzItMTI5MzI4NTU4/My5qcGVn.jpeg;https://www.youtube.com/watch?v=0LwcvjNJTuM;
motel henry;Maurice Paquin;LA garantie;3.201;41;131.236;Non;19;45;25;26;https://i.discogs.com/kgfny9cDHNf7XhewStpD7jQgd-tq6BnLGhwg7-u9_5s/rs:fit/g:sm/q:40/h:300/w:300/czM6Ly9kaXNjb2dz/LWRhdGFiYXNlLWlt/YWdlcy9SLTExNzQ0/Nzg0LTE1MjQ5MTI4/NjYtNTA3NC5qcGVn.jpeg;https://www.youtube.com/watch?v=WqblKyxP-eo;
Fou De Toi;Michel Pagliaro;*multiple*;3.171;46;145.857;Oui;11;30;14;15;https://i.discogs.com/Yt_ooJSRD9wrR41pOgZOHVrE0xQMNDudtTc0zRugxJY/rs:fit/g:sm/q:90/h:280/w:280/czM6Ly9kaXNjb2dz/LWRhdGFiYXNlLWlt/YWdlcy9SLTIzMDc2/OTMtMTI5MzcxMzEz/Mi5qcGVn.jpeg;https://www.youtube.com/watch?v=lsyzhcSDCdY;
Un trou dans les nuages;Michel Rivard;Un trou dans les nuages;4.861;24;116.663;Non;97;60;83;107;https://i.discogs.com/K4HW0i35wzJmDorSL1K38TyoXEwZKFku22BJDPo86Yg/rs:fit/g:sm/q:90/h:490/w:497/czM6Ly9kaXNjb2dz/LWRhdGFiYXNlLWlt/YWdlcy9SLTE0Njky/ODMtMTIyMjA0MDcz/OS5qcGVn.jpeg;https://www.youtube.com/watch?v=oLFOuHxPoIk;
Assez super;Mino;*multiple*;4.692;65;304.981;Non;4;2;4;6;https://www.bide-et-musique.com/images/pochettes/5401.jpg;https://www.youtube.com/watch?v=Uj2qWRriXlw;
Pepperoni;Monsieur Tranquille;Super Star;3.564;50;178.177;Non;7;16;8;11;https://i.discogs.com/b2Dr4DUoxolnsIPdoY2UvMd1BQjDV5yFmIpLLjjXXQ0/rs:fit/g:sm/q:90/h:600/w:600/czM6Ly9kaXNjb2dz/LWRhdGFiYXNlLWlt/YWdlcy9SLTQwMDI4/MTQtMTM1MjAzMjM2/OC0zMDg5LmpwZWc.jpeg;https://www.youtube.com/watch?v=ix-yagwV4KI;
Ace Of Spades;Motörhead;Ace of Spades;2.831;40;113.232;Oui;23;64;28;30;https://i.discogs.com/bjyKtRLL8Em3uKXvIRVdMaXcEoXp7U2xxNrplvOqdyU/rs:fit/g:sm/q:90/h:600/w:600/czM6Ly9kaXNjb2dz/LWRhdGFiYXNlLWlt/YWdlcy9SLTE0NjE5/MjQtMTUyNTMzOTk1/OS03NjMyLmpwZWc.jpeg;https://www.youtube.com/watch?v=3mbvWn1EY6g;
Welcome To The Black Parade;My Chemical Romance;The Black Parade;5.185;25;129.627;Non;83;46;70;93;https://i.discogs.com/GZ2zKabY3VXB4JOXyqotrFnwcMw_GiAfliVEYnJqXJk/rs:fit/g:sm/q:90/h:513/w:600/czM6Ly9kaXNjb2dz/LWRhdGFiYXNlLWlt/YWdlcy9SLTM2Njg3/MTctMTU3NzIwNDg5/NS0yNzE5LmpwZWc.jpeg;https://www.youtube.com/watch?v=RRKJiM9Njr8;
Everybody Knows This Is Nowhere;Neil Young;Everybody Knows This Is Nowhere;2.48;27;66.969;Oui;65;195;110;77;https://i.discogs.com/oxBKXmAb-EmXTYFqufVuUJpUVyiZyQKNBQS1tUVUogY/rs:fit/g:sm/q:90/h:599/w:600/czM6Ly9kaXNjb2dz/LWRhdGFiYXNlLWlt/YWdlcy9SLTQ0NTc1/NDUtMTQ1NzIzODUx/NC02ODUyLmpwZWc.jpeg;https://www.youtube.com/watch?v=bsZjKQEN1tY;
Daddy;Nourished by Time;Erotic Probiotic 2;4.112;36;148.02;Oui;33;28;31;43;https://i.scdn.co/image/ab67616d0000b273211b4f0d78e4f87dda95c07f;https://www.youtube.com/watch?v=Ad01Q9sKuzA;
Fantasy (Remix) (feat. Mariah Carey);Ol' Dirty Bastard;The Definitive Ol' Dirty Bastard Story [by Hillside];4.837;28;135.436;Oui;63;39;57;75;https://i.discogs.com/piFpOQ6xIyZyAxBkIJzcwMn1r71E1VsbhVDItaJCZjY/rs:fit/g:sm/q:90/h:600/w:600/czM6Ly9kaXNjb2dz/LWRhdGFiYXNlLWlt/YWdlcy9SLTIwOTQ5/MDctMTM2NjU1Mjk1/OS00NzY0LmpwZWc.jpeg;https://www.youtube.com/watch?v=ic3Dr6jHiEQ;
Got Your Money (feat. Kelis);Ol' Dirty Bastard;Nigga Please;3.997;37;147.895;Oui;28;29;29;38;https://i.discogs.com/apE6Oh0Uyu6EqygC5LZ-nhIRc2MJTBMq83Fsse123Co/rs:fit/g:sm/q:90/h:529/w:600/czM6Ly9kaXNjb2dz/LWRhdGFiYXNlLWlt/YWdlcy9SLTQ4Mzc0/LTE0NTM5MTcwMzQt/OTY2NS5qcGVn.jpeg;https://www.youtube.com/watch?v=XXTzm5GtqVo;
Income Tax;P'tit Belliveau;Greatest Hits Vol.1;4.103;33;135.383;Oui;42;40;44;53;https://f4.bcbits.com/img/a3159537856_10.jpg;https://www.youtube.com/watch?v=Ri0r0_urwo8;
Lucille;Patrick Norman;Country (Grands Succes);3.772;70;263.966;Oui;3;5;3;4;https://i.scdn.co/image/ab67616d0000b273cafa4dab717af6aef98c4570;https://www.youtube.com/watch?v=R62ZVssBGHo;
Gigantic;Pixies;Surfer Rosa;3.917;25;97.902;Non;83;93;94;93;https://i.discogs.com/vsZihKHTuWCz_NvK81__wUxeHA35gAGUO2p2yGB9mBE/rs:fit/g:sm/q:90/h:600/w:594/czM6Ly9kaXNjb2dz/LWRhdGFiYXNlLWlt/YWdlcy9SLTExMjg5/NjUtMTQzMDA0NzMx/OC03NjEwLmpwZWc.jpeg;https://www.youtube.com/watch?v=2B6qerZlczw;
La réalité me suffit;Ponctuation;La réalité nous suffit;3.749;41;153.691;Oui;19;24;20;26;https://i.discogs.com/WVBq_uRPFsxUszwJYWLmAn9mobUZoSYvIujQobe8i5c/rs:fit/g:sm/q:90/h:579/w:600/czM6Ly9kaXNjb2dz/LWRhdGFiYXNlLWlt/YWdlcy9SLTY5MTQz/MDgtMTYxMDE0NjE5/NS01ODYyLmpwZWc.jpeg;https://www.youtube.com/watch?v=OQYHcsj-Wmo;
Common People;Pulp;Different Class;5.86;17;99.622;Non;195;89;132;215;https://i.discogs.com/V66E8M0F7B24E1NGSkoVYiYx_6NFNEHtQVi0oh8l2fg/rs:fit/g:sm/q:40/h:300/w:300/czM6Ly9kaXNjb2dz/LWRhdGFiYXNlLWlt/YWdlcy9SLTk5MDcw/MS0xMjc1MzA1MDI3/LmpwZWc.jpeg;https://www.youtube.com/watch?v=yuTMWgOduFM;
Darkness and Cold;Purple Mountains;Purple Mountains;3.972;25;99.309;Oui;83;90;92;93;https://i.discogs.com/EcFFIQwRQ61AgtyC7aI_P1i7gHbAdPx5PERci60qCng/rs:fit/g:sm/q:90/h:600/w:600/czM6Ly9kaXNjb2dz/LWRhdGFiYXNlLWlt/YWdlcy9SLTIxOTY5/ODg5LTE2NDM2NTEz/ODctODA2OS5qcGVn.jpeg;https://www.youtube.com/watch?v=JZKMa-ByLBQ;
Je suis down;Rita-Rita;Rita-Rita;3.253;36;117.112;Oui;33;59;40;43;https://f4.bcbits.com/img/a3476736447_5.jpg;https://www.youtube.com/watch?v=X8tSH6InI14;
I Want to Pogne;Rock Et Belles Oreilles;2001 - The Tounes;3.301;29;95.729;Oui;54;97;72;66;https://i.discogs.com/lqD3pXuxmsB5fDF7WLF1_0JizoRtyj7scclb4sHWxs4/rs:fit/g:sm/q:90/h:600/w:600/czM6Ly9kaXNjb2dz/LWRhdGFiYXNlLWlt/YWdlcy9SLTI1NTEy/NDAtMTUxNTcyMTEy/NC00MDMzLmpwZWc.jpeg;https://www.youtube.com/watch?v=PouA1P4rOZM;
I'm Just Ken;Ryan Gosling;Barbie: The Album (Best Weekend Ever edition);3.712;27;100.212;Oui;65;86;77;77;https://i.discogs.com/s1s9Sp3D_dEmBRfegxHd_NA_Tqy1OdCmWQxy9G7heR0/rs:fit/g:sm/q:40/h:300/w:300/czM6Ly9kaXNjb2dz/LWRhdGFiYXNlLWlt/YWdlcy9SLTI5MjY4/MjgwLTE3MDMxODY0/MTctMTIzMS5qcGVn.jpeg;https://www.youtube.com/watch?v=fo6T5BwxFh0;
Hold On I'm Comin';Sam & Dave;Stax 50th Anniversary Celebration;2.584;28;72.362;Non;63;165;95;75;https://i.discogs.com/53ImwqSv4adt_FTkXAyyPL-zpnGVrSh_aLYZoCXrcMI/rs:fit/g:sm/q:90/h:460/w:458/czM6Ly9kaXNjb2dz/LWRhdGFiYXNlLWlt/YWdlcy9SLTc4MTcy/MC0xMzEzMTE0NjM5/LmpwZWc.jpeg;https://www.youtube.com/watch?v=6JElrEbAcwY;
It Wasn't Me;"Shaggy Feat. Ricardo ""RikRok"" Ducent";Now That's What I Call Music 48 - CD 1;3.809;34;129.494;Oui;38;47;43;49;https://i.discogs.com/PNhWPs-CRYX2lKp-1TUG_O66z8OftH7KcgMxwIXfils/rs:fit/g:sm/q:90/h:600/w:586/czM6Ly9kaXNjb2dz/LWRhdGFiYXNlLWlt/YWdlcy9SLTU3ODY5/Mi0xNTA1ODY2MDQw/LTIzMDIuanBlZw.jpeg;https://www.youtube.com/watch?v=2g5Hz17C4is;
I'm Just a Kid;Simple Plan;No Pads, No Helmets...Just Balls;3.301;41;135.359;Non;19;41;23;26;https://i.discogs.com/X5axbg6_D9jxo3_p4H9HRvlYucEHZQ1R5KJm63FH-kI/rs:fit/g:sm/q:90/h:510/w:600/czM6Ly9kaXNjb2dz/LWRhdGFiYXNlLWlt/YWdlcy9SLTM5Mzcw/OTMtMTM0OTkwMjU4/Mi0yOTk3LmpwZWc.jpeg;https://www.youtube.com/watch?v=_GOR5gvQwDI;
All Star;Smash Mouth;95's Dance Mix Greatest Hit;3.344;27;90.279;Oui;65;109;87;77;https://i.discogs.com/H9F2_mIlPAux9M_deDT6rXmImtuG3pe8AT_y_p4xYx0/rs:fit/g:sm/q:40/h:300/w:300/czM6Ly9kaXNjb2dz/LWRhdGFiYXNlLWlt/YWdlcy9SLTQyNDA0/OC0xNTYyNjk0ODA2/LTM3MTQuanBlZw.jpeg;https://www.youtube.com/watch?v=L_jWHffIx5E;
Sur ma musique;Sonia;Vidal Benjamin présente Disco Sympathie;3.951;42;165.961;Oui;17;21;16;24;https://i.discogs.com/c-6i9enTeGgB54KuJzplcn7unT2SgZ4d-7EXSVgzhkI/rs:fit/g:sm/q:90/h:600/w:597/czM6Ly9kaXNjb2dz/LWRhdGFiYXNlLWlt/YWdlcy9SLTEzMTEx/MzgwLTE2NzI1MDU4/NzctMjA4Ni5qcGVn.jpeg;https://www.youtube.com/watch?v=PbqH1aUSAps;
Beat the Clock;Sparks;N° 1 in Heaven;4.364;23;100.376;Oui;110;85;108;122;https://i.discogs.com/DOModvyTq_TKjPVNWfr_OTsE-Uidzh1JRu3FalESIQA/rs:fit/g:sm/q:90/h:600/w:600/czM6Ly9kaXNjb2dz/LWRhdGFiYXNlLWlt/YWdlcy9SLTQxMTU2/Mi0xMjI0ODQ0OTQ4/LmpwZWc.jpeg;https://www.youtube.com/watch?v=JoMCip83GZ4;
The Number One Song in Heaven;Sparks;N° 1 in Heaven;7.546;27;203.739;Oui;65;13;37;8;https://i.discogs.com/Hq3er4DWuhJnXrLNouGBeCXziA_u0Z5lChHIlGGd-_k/rs:fit/g:sm/q:90/h:597/w:600/czM6Ly9kaXNjb2dz/LWRhdGFiYXNlLWlt/YWdlcy9SLTIxMTU0/NzUtMTI2NDg2OTUz/NC5qcGVn.jpeg;https://www.youtube.com/watch?v=P6I6yr7WDeg;
Go Cubs Go;Steve Goodman;No Big Surprise (Disc 1);2.856;38;108.53;Non;26;73;35;33;https://lh3.googleusercontent.com/proxy/fc9x6pfO3YVUnAXFvq5OKkrEvZARfayUm4lYM1hZ9P1IAHPeynEwXQai-2Mbjs6srsnJDKvDDyIuBDmhAoheaJ-Al1fuo3x9DWnUqQ;https://www.youtube.com/watch?v=A9XtDyDUjIU;
Brother Louie;Stories;Billboard Top 100 of 1973;3.886;26;101.039;Non;75;83;85;85;https://i.discogs.com/ix1rGHUxnRElHSKJo40IkzCsi5fVHsVrns6ABQVfRb4/rs:fit/g:sm/q:40/h:300/w:300/czM6Ly9kaXNjb2dz/LWRhdGFiYXNlLWlt/YWdlcy9SLTM0MTE4/NTQtMTMyOTM5Mjc1/Ni5qcGVn.jpeg;https://www.youtube.com/watch?v=C6yLdrkP-Bk;
Crystal Ball;Styx;Greatest Hits;4.536;25;113.404;Oui;83;63;80;93;https://i.discogs.com/Cq1YoGTT97KY6R_UvJCSHm5x-GxAwZ3hynHpCSh5AiU/rs:fit/g:sm/q:90/h:595/w:600/czM6Ly9kaXNjb2dz/LWRhdGFiYXNlLWlt/YWdlcy9SLTYyMjE5/MjYtMTQxNDA4MDg4/OC03NjQzLmpwZWc.jpeg;https://www.youtube.com/watch?v=9b-i0XknSnM;
Mr. Roboto;Styx;The Greatest Hits;5.472;23;125.849;Non;110;52;78;122;https://i.discogs.com/QYwQ6OQVlYTGUO3FeYcv01W1ir6MnwI7SvXwBHlz5zI/rs:fit/g:sm/q:40/h:300/w:300/czM6Ly9kaXNjb2dz/LWRhdGFiYXNlLWlt/YWdlcy9SLTMzOTAx/My0xNDA0ODEyMjcy/LTg4OTcuanBlZw.jpeg;https://www.youtube.com/watch?v=uc6f_2nPSX8;
Tu reviendras;Sylvain Cossette;*multiple*;3.729;26;96.962;Oui;75;96;88;85;https://i.discogs.com/jM562dzYI2Yc8UwxpyF55w7gd-0l_OVc_39SOeL9ptE/rs:fit/g:sm/q:40/h:300/w:300/czM6Ly9kaXNjb2dz/LWRhdGFiYXNlLWlt/YWdlcy9SLTk2NjE5/NzQtMTQ4NDM4NzM1/OC05NjM2LmpwZWc.jpeg;https://www.youtube.com/watch?v=HTNoegHUBl4;
She's so High;Tal Bachman;The Classic 90s Collection;3.71;47;174.382;Non;10;18;10;14;https://i.discogs.com/vgTuSEP5JxcKIYIWzWDBFsbqaBcv7E7V0OpYqFIjKTQ/rs:fit/g:sm/q:90/h:516/w:600/czM6Ly9kaXNjb2dz/LWRhdGFiYXNlLWlt/YWdlcy9SLTQ5ODg3/NzktMTY4MzE3NDYz/NS0yMDg3LmpwZWc.jpeg;https://www.youtube.com/watch?v=_ElORM9O-0U;
She Caught The Katy;The Blues Brothers;The Blues Brothers: Music from the Soundtrack;4.218;24;101.23;Oui;97;82;98;107;https://i.discogs.com/1D9SyeyxbDJFCiUggp80ycgp0AmAYJcb4Rq_C3PoRpY/rs:fit/g:sm/q:90/h:600/w:596/czM6Ly9kaXNjb2dz/LWRhdGFiYXNlLWlt/YWdlcy9SLTE5MDAx/MzYtMTQ0ODA4Nzc4/Mi00MTYyLmpwZWc.jpeg;https://www.youtube.com/watch?v=o5xexv-dMrM;
Bastards Of Young;The Replacements;Tim;3.669;25;91.733;Oui;83;106;101;93;https://i.discogs.com/PAooMCLg5Zmlx7HbGUT2vJWcz8wqkIbrzedl34vhHXg/rs:fit/g:sm/q:90/h:600/w:600/czM6Ly9kaXNjb2dz/LWRhdGFiYXNlLWlt/YWdlcy9SLTk5NTgz/OS0xMzc4MjY2NzEw/LTcwMTkuanBlZw.jpeg;https://www.youtube.com/watch?v=fl9KQ1Mub6Q;
Fare Thee Well, Miss Carousel;Townes Van Zandt;Townes Van Zandt;5.344;19;101.532;Non;165;81;123;184;https://i.discogs.com/w9ZRpE0sau3Ji8eikCfNj_TcSxt4S1ZSMdLXjcrpHaQ/rs:fit/g:sm/q:90/h:600/w:591/czM6Ly9kaXNjb2dz/LWRhdGFiYXNlLWlt/YWdlcy9SLTIzNTI4/MjYtMTQyNDIwNDcy/My0yMjU5LmpwZWc.jpeg;https://www.youtube.com/watch?v=g4-3TPjRoSQ;
I Wanna Be Your Dog (1991 Longview Farm Acoustic Demo);Uncle Tupelo;March 16-20, 1992;3.867;29;112.13;Non;54;66;63;66;https://i.discogs.com/1MIbsDr34caG4tzUxm4Ob5KuJkUE_ZYhC9z9ypNHpwg/rs:fit/g:sm/q:90/h:600/w:600/czM6Ly9kaXNjb2dz/LWRhdGFiYXNlLWlt/YWdlcy9SLTUxNDY4/NjItMTM5ODQ2MTcy/NC04OTMwLmpwZWc.jpeg;https://www.youtube.com/watch?v=_wNtk4mea9A;
Sophie Stiquée;Vent du Mont Schärr;Vent du Mont Schärr;3.063;30;91.885;Oui;51;105;67;63;https://f4.bcbits.com/img/a2446659828_16.jpg;https://ventdumontscharr.bandcamp.com/track/sophie-stiqu-e-3;
Are You Sure Hank Done It This Way;Waylon Jennings;Grand Theft Auto V [Unofficial Soundtrack] Rebel Radio;2.635;31;81.679;Oui;47;130;66;59;https://i.discogs.com/yCpyScTJXQOTJt-SspmLVc4ZuLxwBHw08oR75edESUY/rs:fit/g:sm/q:90/h:599/w:600/czM6Ly9kaXNjb2dz/LWRhdGFiYXNlLWlt/YWdlcy9SLTEwMDI4/NzI1LTE1MDczODg3/OTYtODQ4OC5qcGVn.jpeg;https://www.youtube.com/watch?v=6PLPmmfeNd4;
Atomic Bomb;William Onyeabor;*multiple*;7.993;27;215.817;Non;65;8;32;8;https://f4.bcbits.com/img/a0820551125_10.jpg;https://www.youtube.com/watch?v=t7UgkNDAUYQ;
Fantastic Man;William Onyeabor;*multiple*;6.489;54;290.389;Oui;6;3;5;1;https://f4.bcbits.com/img/a0820551125_10.jpg;https://www.youtube.com/watch?v=LBZltuHcpVo;
Whole Wide World;Wreckless Eric;Wreckless Eric;2.877;25;71.924;Non;83;166;120;93;https://i.discogs.com/-aduOB5fIBlKQ_QlHNqKGVzMDGxNP6l8c4B590ur09I/rs:fit/g:sm/q:90/h:444/w:442/czM6Ly9kaXNjb2dz/LWRhdGFiYXNlLWlt/YWdlcy9SLTIyMjg4/ODAtMTI3MTEwNDE4/NS5qcGVn.jpeg;https://www.youtube.com/watch?v=qHEPHPHuNis;
Los Angeles;X;*multiple*;2.415;32;77.11;Non;46;143;64;57;https://i.discogs.com/QNxzhdfAhJ-3gCq-4p52FM0Jlw_7tp3jlPQqttaNbf8/rs:fit/g:sm/q:90/h:495/w:500/czM6Ly9kaXNjb2dz/LWRhdGFiYXNlLWlt/YWdlcy9SLTExMTE3/ODktMTE5Mjk3MDUw/MC5qcGVn.jpeg;https://www.youtube.com/watch?v=ZKp1TjP__rg;
Wyclef Jean;Young Thug;No, My Name is JEFFERY;3.938;27;106.332;Oui;65;77;75;77;https://encrypted-tbn0.gstatic.com/images?q=tbn:ANd9GcQ9QMgkBvmUjId7FlF5NtozAg52I7uMUdBVMA&s;https://www.youtube.com/watch?v=3x3g8BGH_io;
Gimme All Your Lovin';ZZ Top;Eliminator;4.067;27;109.812;Non;65;71;73;77;https://i.discogs.com/TuTbqgTH7YS2W8IpCshpAW7lOT3yDGJtt8CP9HCkDns/rs:fit/g:sm/q:40/h:300/w:300/czM6Ly9kaXNjb2dz/LWRhdGFiYXNlLWlt/YWdlcy9SLTE1MTI5/MzEtMTM0ODc1MTc4/OC0yMjk2LmpwZWc.jpeg;https://www.youtube.com/watch?v=Ae829mFAGGE;
La Grange;ZZ Top;*multiple*;3.872;29;112.276;Oui;54;65;62;66;https://i.discogs.com/DhaDP_lKJyZfvoKnkS1J5msdsjnEJaiKLzbwNu0KTU8/rs:fit/g:sm/q:90/h:497/w:500/czM6Ly9kaXNjb2dz/LWRhdGFiYXNlLWlt/YWdlcy9SLTEzNjM0/NzItMTM0ODg0Mzc4/OS05MTU3LmpwZWc.jpeg;https://www.youtube.com/watch?v=Vppbdf-qtGU;
いつか;山下達郎;Ride on Time;5.817;24;139.609;Oui;97;34;65;107;https://i.discogs.com/nptjQiGXUQFWjDYsEDWxBEHb2UDirmMaUihWMHKSVz0/rs:fit/g:sm/q:90/h:600/w:600/czM6Ly9kaXNjb2dz/LWRhdGFiYXNlLWlt/YWdlcy9SLTI3MzAx/MDc0LTE2OTQxNzg2/ODktMjE5MS5qcGVn.jpeg;https://www.youtube.com/watch?v=iS5BsYHbUR0;
ＲＩＤＥ　ＯＮ　ＴＩＭＥ（アルバム・ヴァージョン）;山下達郎;Ride on Time;5.914;37;218.806;Oui;28;7;17;38;https://i.discogs.com/nptjQiGXUQFWjDYsEDWxBEHb2UDirmMaUihWMHKSVz0/rs:fit/g:sm/q:90/h:600/w:600/czM6Ly9kaXNjb2dz/LWRhdGFiYXNlLWlt/YWdlcy9SLTI3MzAx/MDc0LTE2OTQxNzg2/ODktMjE5MS5qcGVn.jpeg;https://www.youtube.com/watch?v=szIn2pCAnCs;
